{
  "generated_by": "Tools/Map Analyzer",
  "schema_version": 1,
  "map": "Bloodbowl",
  "source_vmf": "Maps/Bloodbowl/Bloodbowl.vmf",
  "original_filename": "eft_bloodbowl_v5.vmf",
  "generated_at": "2026-05-08T15:27:10.210248+00:00",
  "spatial_clusters": [
    {
      "cluster_id": 1,
      "center": [
        257.8355454545454,
        504.336,
        253.1818181818182
      ],
      "count": 11,
      "source_entity_ids": [
        120662,
        114686,
        186169,
        189516,
        190160,
        190414,
        190536,
        190539,
        231360,
        231369,
        265260
      ],
      "type": "entity_spatial_cluster",
      "confidence": 0.45,
      "reasons": [
        "Loose entity-origin cluster; useful as a first-pass landmark grouping, not final gameplay meaning."
      ],
      "needs_human_review": true
    },
    {
      "cluster_id": 2,
      "center": [
        -2113.7115384615386,
        386.03846153846155,
        70.6923
      ],
      "count": 26,
      "source_entity_ids": [
        114502,
        114504,
        114506,
        114508,
        114510,
        114512,
        114514,
        114516,
        114518,
        114520,
        114522,
        114524,
        114534,
        114536,
        114538,
        114540,
        114542,
        114544,
        114546,
        114548,
        114550,
        114552,
        186466,
        189477,
        189866,
        246668
      ],
      "type": "entity_spatial_cluster",
      "confidence": 0.45,
      "reasons": [
        "Loose entity-origin cluster; useful as a first-pass landmark grouping, not final gameplay meaning."
      ],
      "needs_human_review": true
    },
    {
      "cluster_id": 3,
      "center": [
        -1344.5,
        1796.0,
        65.0
      ],
      "count": 8,
      "source_entity_ids": [
        114554,
        114556,
        188539,
        188542,
        188545,
        189161,
        189167,
        189173
      ],
      "type": "entity_spatial_cluster",
      "confidence": 0.45,
      "reasons": [
        "Loose entity-origin cluster; useful as a first-pass landmark grouping, not final gameplay meaning."
      ],
      "needs_human_review": true
    },
    {
      "cluster_id": 4,
      "center": [
        3108.9,
        670.7037037037038,
        67.90740740740739
      ],
      "count": 27,
      "source_entity_ids": [
        114566,
        114568,
        114570,
        114572,
        114574,
        114576,
        114578,
        114580,
        114582,
        114584,
        114586,
        114588,
        114598,
        114600,
        114602,
        114604,
        114606,
        114608,
        114610,
        114612,
        114614,
        114616,
        114628,
        123188,
        189471,
        247020,
        247101
      ],
      "type": "entity_spatial_cluster",
      "confidence": 0.45,
      "reasons": [
        "Loose entity-origin cluster; useful as a first-pass landmark grouping, not final gameplay meaning."
      ],
      "needs_human_review": true
    },
    {
      "cluster_id": 5,
      "center": [
        2368.5,
        -772.0,
        65.0
      ],
      "count": 8,
      "source_entity_ids": [
        114618,
        114620,
        187570,
        187573,
        187576,
        187600,
        187621,
        187633
      ],
      "type": "entity_spatial_cluster",
      "confidence": 0.45,
      "reasons": [
        "Loose entity-origin cluster; useful as a first-pass landmark grouping, not final gameplay meaning."
      ],
      "needs_human_review": true
    },
    {
      "cluster_id": 6,
      "center": [
        4722.576,
        532.448,
        -43.6
      ],
      "count": 10,
      "source_entity_ids": [
        114672,
        187409,
        189245,
        243491,
        243494,
        243497,
        243500,
        243503,
        243872,
        260994
      ],
      "type": "entity_spatial_cluster",
      "confidence": 0.45,
      "reasons": [
        "Loose entity-origin cluster; useful as a first-pass landmark grouping, not final gameplay meaning."
      ],
      "needs_human_review": true
    },
    {
      "cluster_id": 7,
      "center": [
        -11590.8,
        4434.875,
        1166.25
      ],
      "count": 2,
      "source_entity_ids": [
        145176,
        203030
      ],
      "type": "entity_spatial_cluster",
      "confidence": 0.45,
      "reasons": [
        "Loose entity-origin cluster; useful as a first-pass landmark grouping, not final gameplay meaning."
      ],
      "needs_human_review": true
    },
    {
      "cluster_id": 8,
      "center": [
        -3728.705454545455,
        484.6836363636364,
        -48.36363636363637
      ],
      "count": 11,
      "source_entity_ids": [
        187445,
        189483,
        114680,
        241218,
        241229,
        241232,
        241235,
        241238,
        245569,
        252277,
        261237
      ],
      "type": "entity_spatial_cluster",
      "confidence": 0.45,
      "reasons": [
        "Loose entity-origin cluster; useful as a first-pass landmark grouping, not final gameplay meaning."
      ],
      "needs_human_review": true
    },
    {
      "cluster_id": 9,
      "center": [
        922.93,
        -676.5795789473683,
        12.236842105263158
      ],
      "count": 19,
      "source_entity_ids": [
        187579,
        187582,
        187585,
        187591,
        187672,
        187733,
        187742,
        189498,
        233445,
        233490,
        233516,
        233519,
        233522,
        233525,
        240975,
        246315,
        261122,
        261173,
        261183
      ],
      "type": "entity_spatial_cluster",
      "confidence": 0.45,
      "reasons": [
        "Loose entity-origin cluster; useful as a first-pass landmark grouping, not final gameplay meaning."
      ],
      "needs_human_review": true
    },
    {
      "cluster_id": 10,
      "center": [
        -1316.9493333333332,
        -562.6013333333334,
        0.43333333333333335
      ],
      "count": 15,
      "source_entity_ids": [
        187594,
        187597,
        187708,
        187714,
        187727,
        189489,
        234109,
        234154,
        234173,
        234180,
        234183,
        234186,
        234189,
        234953,
        234959
      ],
      "type": "entity_spatial_cluster",
      "confidence": 0.45,
      "reasons": [
        "Loose entity-origin cluster; useful as a first-pass landmark grouping, not final gameplay meaning."
      ],
      "needs_human_review": true
    },
    {
      "cluster_id": 11,
      "center": [
        165.15750000000003,
        1706.7037500000001,
        25.46875
      ],
      "count": 16,
      "source_entity_ids": [
        188548,
        188551,
        188554,
        188557,
        189086,
        189110,
        189155,
        189504,
        233777,
        233822,
        233848,
        233851,
        233854,
        233857,
        241133,
        246309
      ],
      "type": "entity_spatial_cluster",
      "confidence": 0.45,
      "reasons": [
        "Loose entity-origin cluster; useful as a first-pass landmark grouping, not final gameplay meaning."
      ],
      "needs_human_review": true
    },
    {
      "cluster_id": 12,
      "center": [
        2342.652307692307,
        1601.0723076923075,
        5.923076923076923
      ],
      "count": 13,
      "source_entity_ids": [
        188560,
        188563,
        188984,
        189050,
        189068,
        189510,
        229286,
        229350,
        229353,
        229356,
        229359,
        233509,
        241097
      ],
      "type": "entity_spatial_cluster",
      "confidence": 0.45,
      "reasons": [
        "Loose entity-origin cluster; useful as a first-pass landmark grouping, not final gameplay meaning."
      ],