{
  "generated_by": "Tools/Map Analyzer",
  "schema_version": 1,
  "map": "Temple Sacrifice",
  "source_vmf": "Maps/Temple Sacrifice/Temple Sacrifice.vmf",
  "original_filename": "eft_temple_sacrifice_v2.vmf",
  "generated_at": "2026-05-08T15:27:16.591994+00:00",
  "spatial_clusters": [
    {
      "cluster_id": 1,
      "center": [
        -1462.7857142857142,
        -3425.1428571428573,
        265.07142857142856
      ],
      "count": 14,
      "source_entity_ids": [
        109207,
        90441,
        4496,
        4509,
        4511,
        4513,
        4515,
        4527,
        4529,
        4557,
        4559,
        4561,
        4563,
        86990
      ],
      "type": "entity_spatial_cluster",
      "confidence": 0.45,
      "reasons": [
        "Loose entity-origin cluster; useful as a first-pass landmark grouping, not final gameplay meaning."
      ],
      "needs_human_review": true
    },
    {
      "cluster_id": 2,
      "center": [
        1540.9375,
        -3318.0,
        279.99999999999994
      ],
      "count": 16,
      "source_entity_ids": [
        4555,
        4553,
        4551,
        4549,
        4547,
        4545,
        4543,
        4539,
        4541,
        4531,
        4537,
        14370,
        90293,
        90436,
        8846,
        87002
      ],
      "type": "entity_spatial_cluster",
      "confidence": 0.45,
      "reasons": [
        "Loose entity-origin cluster; useful as a first-pass landmark grouping, not final gameplay meaning."
      ],
      "needs_human_review": true
    },
    {
      "cluster_id": 3,
      "center": [
        1514.2941176470588,
        3277.176470588235,
        268.235294117647
      ],
      "count": 17,
      "source_entity_ids": [
        4799,
        4801,
        4803,
        4805,
        4807,
        4809,
        4811,
        4813,
        4815,
        4817,
        4819,
        14439,
        90356,
        90467,
        90462,
        13224,
        87017
      ],
      "type": "entity_spatial_cluster",
      "confidence": 0.45,
      "reasons": [
        "Loose entity-origin cluster; useful as a first-pass landmark grouping, not final gameplay meaning."
      ],
      "needs_human_review": true
    },
    {
      "cluster_id": 4,
      "center": [
        -1514.2941176470588,
        3277.176470588235,
        268.235294117647
      ],
      "count": 17,
      "source_entity_ids": [
        4900,
        4902,
        4904,
        4906,
        4908,
        4910,
        4912,
        4914,
        4916,
        4918,
        4920,
        14430,
        90361,
        90452,
        90457,
        13237,
        86996
      ],
      "type": "entity_spatial_cluster",
      "confidence": 0.45,
      "reasons": [
        "Loose entity-origin cluster; useful as a first-pass landmark grouping, not final gameplay meaning."
      ],
      "needs_human_review": true
    },
    {
      "cluster_id": 5,
      "center": [
        64.06666666666666,
        -1299.1333333333334,
        303.06666666666666
      ],
      "count": 15,
      "source_entity_ids": [
        15029,
        90502,
        90517,
        90507,
        90512,
        90557,
        90642,
        91937,
        91942,
        91945,
        92301,
        92306,
        92309,
        119938,
        119988
      ],
      "type": "entity_spatial_cluster",
      "confidence": 0.45,
      "reasons": [
        "Loose entity-origin cluster; useful as a first-pass landmark grouping, not final gameplay meaning."
      ],
      "needs_human_review": true
    },
    {
      "cluster_id": 6,
      "center": [
        -1085.7272727272727,
        1178.909090909091,
        261.34090909090907
      ],
      "count": 22,
      "source_entity_ids": [
        14417,
        14433,
        90366,
        90371,
        90537,
        90657,
        90572,
        90632,
        90562,
        90472,
        90617,
        90532,
        93086,
        13239,
        13257,
        13268,
        87075,
        87212,
        92367,
        92372,
        92375,
        118790
      ],
      "type": "entity_spatial_cluster",
      "confidence": 0.45,
      "reasons": [
        "Loose entity-origin cluster; useful as a first-pass landmark grouping, not final gameplay meaning."
      ],
      "needs_human_review": true
    },
    {
      "cluster_id": 7,
      "center": [
        587.0,
        22.403846153846153,
        259.34615384615387
      ],
      "count": 26,
      "source_entity_ids": [
        14423,
        14426,
        90341,
        90346,
        90567,
        90662,
        90587,
        90647,
        59,
        13244,
        13246,
        13703,
        14011,
        87037,
        87209,
        87223,
        92411,
        92416,
        92419,
        92477,
        92482,
        92485,
        95753,
        95758,
        3883,
        117028
      ],
      "type": "entity_spatial_cluster",
      "confidence": 0.45,
      "reasons": [
        "Loose entity-origin cluster; useful as a first-pass landmark grouping, not final gameplay meaning."
      ],
      "needs_human_review": true
    },
    {
      "cluster_id": 8,
      "center": [
        892.6315789473684,
        1476.2105263157894,
        244.02631578947367
      ],
      "count": 19,
      "source_entity_ids": [
        14436,
        90351,
        90627,
        90542,
        90482,
        90622,
        90487,
        90527,
        90522,
        93091,
        13226,
        13469,
        87081,
        92323,
        92328,
        92331,
        118678,
        119996,
        120007
      ],
      "type": "entity_spatial_cluster",
      "confidence": 0.45,
      "reasons": [
        "Loose entity-origin cluster; useful as a first-pass landmark grouping, not final gameplay meaning."
      ],
      "needs_human_review": true
    },
    {
      "cluster_id": 9,
      "center": [
        -1120.8333333333333,
        -437.3333333333333,
        253.75
      ],
      "count": 12,
      "source_entity_ids": [
        14420,
        90376,
        90592,
        90652,
        90637,
        90552,
        13259,
        87023,
        87202,
        95743,
        95748,
        17274
      ],
      "type": "entity_spatial_cluster",
      "confidence": 0.45,
      "reasons": [
        "Loose entity-origin cluster; useful as a first-pass landmark grouping, not final gameplay meaning."
      ],
      "needs_human_review": true
    },
    {
      "cluster_id": 10,
      "center": [
        1414.5,
        -1594.6666666666667,
        216.29166666666666
      ],
      "count": 12,
      "source_entity_ids": [
        14373,
        90336,
        90597,
        90497,
        90401,
        90547,
        93076,
        7066,
        8836,
        87096,
        87152,
        118613
      ],
      "type": "entity_spatial_cluster",
      "confidence": 0.45,
      "reasons": [
        "Loose entity-origin cluster; useful as a first-pass landmark grouping, not final gameplay meaning."
      ],
      "needs_human_review": true
    },
    {
      "cluster_id": 11,
      "center": [
        -1405.4615384615386,
        -1954.4615384615386,
        250.80769230769232
      ],
      "count": 13,
      "source_entity_ids": [
        14267,
        14376,
        90386,
        90381,
        90447,
        90492,
        90602,
        93081,
        7051,
        8802,
        8829,
        87049,
        118822
      ],
      "type": "entity_spatial_cluster",
      "confidence": 0.45,
      "reasons": [
        "Loose entity-origin cluster; useful as a first-pass landmark grouping, not final gameplay meaning."
      ],
      "needs_human_review": true
    },
    {
      "cluster_id": 12,
      "center": [
        -1450.6433333333334,
        -2389.5866666666666,
        -2034.6666666666667
      ],
      "count": 3,
      "source_entity_ids": [
        99451,
        99466,
        99464
      ],